d,p,e,decoder,p_L,rel_se,cert_lo,cert_hi,decodes,dominant_w,omitted_mass,decodes_for_10pct_stratified,shots_for_10pct_naive,gain,seconds
5,0.02,0.0,MWPM,0.0012480125201640658,0.002445918083689517,0.0012355436819096691,0.0012605453041419057,1499993,3,0.0,897.3731030572195,80027.40127547264,89.17962996977616,3.7
5,0.04,0.0,MWPM,0.008932099702741739,0.0021083886088877476,0.008841805003421301,0.009022749684187073,1499993,3,2.220446049250313e-15,666.7922672013733,11095.575881145242,16.640228789267503,4.2
5,0.06,0.0,MWPM,0.02671488578069839,0.001838023803745858,0.026450206376806642,0.026980384723065336,1499992,4,1.3322676295501878e-15,506.74702280525645,3643.231426138097,7.189448111544595,4.4
7,0.02,0.0,MWPM,0.00025427010988343847,0.005998014860861109,0.0002468798860790691,0.00026181443258353797,1499994,4,1.2212453270876722e-15,5396.4057549572435,393182.5609972073,72.86008110787854,7.5
7,0.04,0.0,MWPM,0.0034802789206913078,0.0042697989845241575,0.003390523296501152,0.003571671908728179,1499988,5,6.661338147750939e-16,2734.6556278164862,28633.32921837667,10.470542955070085,7.4
7,0.06,0.0,MWPM,0.01504925946414698,0.003161769629946518,0.014716600315061692,0.015387249414928753,1499989,6,1.2212453270876722e-15,1499.5070824619092,6544.845232301149,4.364664434632574,7.9
9,0.02,0.0,MWPM,4.993731795177502e-05,0.014709156001430685,4.585850592887352e-05,5.429283809881391e-05,1499990,6,2.6645352591003757e-15,32453.674181893373,2002410.4291057647,61.7005771945216,11.3
9,0.04,0.0,MWPM,0.0013376989315575661,0.008057631913091912,0.001260120265837323,0.0014197489284864177,1499986,7,7.771561172376096e-15,9738.723911426716,74655.23650419888,7.665813014434449,11.8
9,0.06,0.0,MWPM,0.008284830889255421,0.004912000246282064,0.007938080688939933,0.008648996489647934,1499985,9,1.6653345369377348e-15,3619.125771301629,11970.252409097424,3.3074983201792096,12.8
11,0.02,0.0,MWPM,1.0284490942890325e-05,0.03589796330960885,8.087928932632532e-06,1.298869427997757e-05,1499990,8,4.551914400963142e-15,193298.2768029337,9723278.683038276,50.30194186858217,14.6
11,0.04,0.0,MWPM,0.0005051966364355635,0.014287910613358582,0.00044729775924068853,0.0005744454378426733,1499987,10,5.773159728050814e-15,30621.393066592114,197842.7272231151,6.46093163667858,16.4
11,0.06,0.0,MWPM,0.004507009754091592,0.0070552141754660095,0.004204177041029749,0.004863780284187285,1499982,12,3.3306690738754696e-15,7466.317462369768,22087.65999102113,2.958307104183945,18.5
13,0.02,0.0,MWPM,1.7967023353667653e-06,0.09164733137483638,9.604060889143318e-07,3.6196125852351514e-06,1499988,9,1.0436096431476471e-14,1259874.9231393426,55657422.13462045,44.17694257770755,21.0
13,0.04,0.0,MWPM,0.0001975401533044959,0.026352684895433964,0.00015489906470357562,0.000263731230669186,1499982,12,8.548717289613705e-15,104168.35014450285,506126.19415434083,4.858732940017194,21.6
13,0.06,0.0,MWPM,0.0024957291310493054,0.010310688180642876,0.002227527222530763,0.0028549457466854845,1499971,16,1.1435297153639112e-14,15946.235313924104,39968.45084103977,2.5064505856212778,26.2
15,0.02,0.0,MWPM,4.1795026755364474e-07,0.2928735460136677,7.947230649158502e-08,2.552346422442888e-06,1499987,12,2.6645352591003757e-15,12866125.585804848,239262816.57933873,18.596337722936312,26.2
15,0.04,0.0,MWPM,7.086568300180943e-05,0.04799018112742758,4.641445040638624e-05,0.00013660981450681954,1499979,15,2.220446049250313e-15,345453.78627577814,1411020.2455700126,4.08454126608873,31.3
15,0.06,0.0,MWPM,0.001345501058326957,0.014621335517800343,0.0011342850268493652,0.0016939823593541256,1499975,20,2.55351295663786e-15,32066.983389982666,74221.7549931499,2.3145848828529303,32.8
