decoder,d,x,p_L,se,shots
MWPM,5,0.44,0.29965,0.0022905232890106137,40000
MWPM,5,0.46,0.3437,0.0023747121404498694,40000
MWPM,5,0.48,0.384675,0.0024325919529125718,40000
MWPM,5,0.5,0.425075,0.002471771856255144,40000
MWPM,5,0.52,0.46585,0.002494162071217506,40000
MWPM,5,0.54,0.5061,0.0024998139430765644,40000
MWPM,5,0.56,0.5411,0.002491539634442928,40000
MWPM,9,0.44,0.24505,0.0021505842084187264,40000
MWPM,9,0.46,0.2986,0.0022882200506070213,40000
MWPM,9,0.48,0.366725,0.002409552730150349,40000
MWPM,9,0.5,0.425925,0.002472412255141727,40000
MWPM,9,0.52,0.486975,0.002499151602919479,40000
MWPM,9,0.54,0.540425,0.0024918157003227586,40000
MWPM,9,0.56,0.59015,0.0024590291656464754,40000
MWPM,13,0.44,0.200725,0.0020027136239050753,40000
MWPM,13,0.46,0.2699,0.0022195381839472824,40000
MWPM,13,0.48,0.346075,0.002378587261248786,40000
MWPM,13,0.5,0.426675,0.002472971109692752,40000
MWPM,13,0.52,0.50875,0.0024996171581864292,40000
MWPM,13,0.54,0.5736,0.002472766871340685,40000
MWPM,13,0.56,0.6244,0.002421387205714939,40000
MWPM,17,0.44,0.1565,0.0018166435396081424,40000
MWPM,17,0.46,0.2367,0.0021252829811580385,40000
MWPM,17,0.48,0.331775,0.00235425332841965,40000
MWPM,17,0.5,0.431225,0.002476237061425057,40000
MWPM,17,0.52,0.51965,0.0024980686414708465,40000
MWPM,17,0.54,0.59415,0.0024552788919998477,40000
MWPM,17,0.56,0.653225,0.002379716891643836,40000
MWPM,21,0.44,0.1222,0.0016375832803250038,40000
MWPM,21,0.46,0.2083,0.002030462447325732,40000
MWPM,21,0.48,0.312275,0.002317106624515799,40000
MWPM,21,0.5,0.427625,0.0024736706499400847,40000
MWPM,21,0.52,0.537475,0.0024929682327247973,40000
MWPM,21,0.54,0.6157,0.002432146736938378,40000
MWPM,21,0.56,0.676,0.00234,40000
